Cluster,Size,Top Words
0,196,"toilet, paper, bathroom, poop, wipe, shit, flush, toilets, roll, knot"
1,161,"bird, birds, parrot, pigeons, pigeon, eagle, babies, stork, eagles, swallow"
2,282,"mexican, juan, mexicans, spanish, hispanic, carlos, border, mexico, essay, underlay"
4,205,"cop, officer, pulled, police, driver, policeman, speeding, sir, pulls, over"
5,172,"chicken, road, cross, chickens, side, slide, playground, did, bond, why"
6,233,"cow, cows, beef, milk, moo, udder, herd, calf, masturbating, dairy"
7,193,"jesus, crossfit, christ, picture, crucified, loves, nailed, supper, nail, nails"
11,377,"jokes, joke, punchline, reddit, com, http, wanna, repost, longest, title"
13,363,"twitter, facebook, tweet, tweets, followers, account, 140, media, characters, fb"
21,247,"blonde, blondes, brunette, blond, intelligence, redhead, brazilian, artificial, grenade, hair"
27,190,"bar, walks, serve, bartender, ouch, into, orders, barman, tachyon, entendre"
28,429,"dog, dogs, pet, barking, bark, puppy, paw, ruff, bitch, tail"
32,174,"pirate, pirates, letter, aye, matey, booty, steering, sunken, alphabet, wheel"
39,196,"doctor, nurse, doctors, patient, doc, dr, hospital, surgeon, medical, spoon"
48,170,"coffee, women, like, freezer, ground, cups, cup, tea, bitter, silent"
51,227,"fish, tank, fishing, dam, drive, goldfish, wall, fsh, bass, rod"
56,256,"cat, cats, kittens, kitty, kitten, meow, trois, deux, pussy, fur"
59,174,"horse, horses, pony, neigh, parker, face, jessica, stable, mule, centaur"
60,199,"chinese, asian, china, wong, asians, disoriented, ching, wongs, chink, asia"
62,197,"mathematician, math, pencil, calculus, calculator, constipated, worked, mathematicians, teacher, solve"
65,159,"santa, claus, ho, chimney, reindeer, year, sack, comes, once, christmas"
67,158,"car, parking, parked, driving, cars, park, highway, hydrant, honk, traffic"
70,157,"dentist, teeth, tooth, floss, hurty, dental, brush, dentists, toothpaste, plaque"
73,243,"isis, muslim, terrorist, terrorists, iraq, islam, muslims, iran, bomb, saudi"
77,399,"hitler, jews, jew, jewish, holocaust, nazi, auschwitz, gas, nazis, camp"
